"corr","N10","N12"
0,0.00521110724820798,0.00414703645952826
0.2,0.0052729265384849,0.00439560925182743
0.4,0.0059815030006277,0.00489110182116559
0.6,0.00723837558553997,0.00637935774041282
0.8,0.0118616842019266,0.0107378101110816
