"corr","N2","N4","N6","N8","N10","N12"
0,0.02444275035,0.0133413253,0.0088667157,0.00673478245,0.0052111072,0.0041470365
0.2,0.02629102205,0.0135459572,0.00899748495,0.0069910855,0.00527292655,0.0043956094
0.4,0.02606879085,0.01384649665,0.0092346287,0.0073975023,0.00598150265,0.00489110205
0.6,0.0286537138,0.0150526563,0.0109706053,0.0083248838,0.0072383754,0.00637935785
0.8,0.03194771385,0.0200674598,0.0157496017,0.01356945925,0.01186168375,0.0107378103
