Participant,Pre-therapy A1,Pre-therapy A2,Post-therapy A3
HM,0.46,0.42,0.55
PH,0.33,0.38,0.49
SC,0.34,0.36,0.37
DC,0.72,0.74,0.89
OL,0.52,0.51,0.61
NK,0.56,0.59,0.71
IK,0.24,0.22,0.34
KR,0.4,0.37,0.46
TE,0.72,0.76,0.91
FA,0.18,0.23,0.42
GB*,0.26,0.28,0.33
CM,0.53,0.58,0.66
CV,0.48,0.64,0.84
DJ,0.48,0.55,0.62
PP*,0.33,0.29,0.53
LM,0.5,0.61,0.74
,,0.470625,0.591875